{
    "vanilla": {
        "cutoff": [0.0, 0.005404300522059202, 0.033684518188238144, 0.05, 0.1, 0.2, 0.3, 0.3890679180622101, 0.4, 0.5, 0.6, 0.7, 0.8, 0.85, 0.9, 0.95],
        "coverage_naive": [0.7387387387387387, 0.7063318777292577, 0.6786885245901639, 0.6776429809358753, 0.6897880539499036, 0.6666666666666666, 0.6122448979591837, 0.6524590163934426, 0.6732673267326733, 0.6692307692307692, 0.6291666666666667, 0.5866666666666667, 0.5720930232558139, 0.599009900990099, 0.5906432748538012, 0.6186440677966102],
        "coverage_cv_plus": [0.8124488124488124, 0.8220524017467249, 0.8081967213114755, 0.8318890814558059, 0.7880539499036608, 0.7952380952380952, 0.7784256559766763, 0.8622950819672132, 0.8250825082508251, 0.8384615384615385, 0.8166666666666667, 0.8177777777777778, 0.8325581395348837, 0.8811881188118812, 0.8713450292397661, 0.8305084745762712],
        "coverage_jackknife_plus_ab": [0.7371007371007371, 0.7030567685589519, 0.6983606557377049, 0.7036395147313691, 0.6994219653179191, 0.65, 0.597667638483965, 0.6786885245901639, 0.6666666666666666, 0.6923076923076923, 0.6375, 0.6, 0.5953488372093023, 0.6386138613861386, 0.6198830409356725, 0.6101694915254238],
        "interval_width_naive": [0.33615486145019524, 0.3936747789382934, 0.466556578874588, 0.49313491582870483, 0.487522155046463, 0.5079672932624817, 0.49069738388061523, 0.44034600257873535, 0.4177010893821716, 0.263324589729309, 0.1493734073638917, 0.15726344108581536, 0.14645690917968746, 0.10872319698333734, 0.11693801879882804, 0.08713016510009772],
        "interval_width_cv_plus": [0.4668159315342589, 0.586368582336256, 0.7235728639830667, 0.7403800183014566, 0.7302039602808726, 0.7549307892043143, 0.7676098270888058, 0.7277213052921607, 0.7387384294998208, 0.5471554418948408, 0.4016485076894363, 0.35569797782037, 0.34765150171449016, 0.2791582903140547, 0.25024804303956305, 0.2040898787899543],
        "interval_width_jackknife_plus_ab": [0.36039082529103555, 0.46384172792555495, 0.556070822257092, 0.5413734147596377, 0.539451971366545, 0.5724188050525243, 0.5658157869805662, 0.5073035879693213, 0.5271816855408832, 0.4149356539053507, 0.3260407831630946, 0.28178233859655377, 0.275307510405132, 0.2507502335634401, 0.24274082546734074, 0.18510055958909732],
        "RMSE": [0.18922129422798434, 0.2191851852816898, 0.2723908824019582, 0.2688485682641156, 0.3094067915068706, 0.2840468980716897, 0.28797068197021547, 0.19723660549744457, 0.24232948520865358, 0.17883216772142013, 0.17463465832107222, 0.1248829616548116, 0.15683321234951397, 0.05885582350820968, 0.20424939954228305, 0.03829736874311816]
    },
    "6_months" : {
        "cutoff": [0.0, 0.003986296709626913, 0.0270393043756485, 0.05, 0.1, 0.2, 0.2014218419790268, 0.3, 0.4, 0.5, 0.6, 0.7, 0.8, 0.85, 0.9, 0.95],
        "coverage_naive": [0.7729236677868458, 0.7836970474967908, 0.777137367915466, 0.7680168332456602, 0.7782894736842105, 0.7806267806267806, 0.772552783109405, 0.7914572864321608, 0.746875, 0.7803571428571429, 0.722567287784679, 0.7422907488986784, 0.7517564402810304, 0.7680412371134021, 0.752906976744186, 0.6700507614213198],
        "coverage_cv_plus": [0.7947671627460393, 0.8048780487804879, 0.8069164265129684, 0.8037874802735402, 0.8177631578947369, 0.8138651471984806, 0.8282149712092131, 0.8479899497487438, 0.8296875, 0.8410714285714286, 0.8157349896480331, 0.8480176211453745, 0.8571428571428571, 0.884020618556701, 0.8430232558139535, 0.8730964467005076],
        "coverage_jackknife_plus_ab": [0.7794047047527605, 0.7846598202824133, 0.7732949087415946, 0.7643345607574961, 0.7710526315789473, 0.7663817663817664, 0.7735124760076776, 0.7914572864321608, 0.7578125, 0.7553571428571428, 0.6997929606625258, 0.7224669603524229, 0.7447306791569087, 0.7551546391752577, 0.7558139534883721, 0.751269035532995],
        "interval_width_naive": [0.22981232404708862, 0.3171372628211975, 0.4974414205551146, 0.4982297778129576, 0.5455909371376038, 0.606059193611145, 0.5686221528053285, 0.5929541945457458, 0.4450989270210267, 0.2832789182662965, 0.21340200901031503, 0.17258933305740348, 0.15747796058654798, 0.1341935396194458, 0.12612076103687286, 0.051980471611023024],
        "interval_width_cv_plus": [0.26231921505623046, 0.3723584608510836, 0.5427260127426287, 0.575463295256357, 0.6319370577756872, 0.6811574238402803, 0.6878551040438894, 0.6681622492163044, 0.5520343123298371, 0.4177854286866662, 0.2612802369935789, 0.2400231100337391, 0.20118195710167183, 0.2014014519689624, 0.1511534375746106, 0.0747525894974694],
        "interval_width_jackknife_plus_ab": [0.24753030976246193, 0.3492930881895421, 0.5084870826194676, 0.5244745286296623, 0.5666911487302658, 0.5908053376322372, 0.5997573799252702, 0.5894492940472057, 0.46345671185869175, 0.3360612187518092, 0.2373773576239884, 0.20341508231094574, 0.18982153158298826, 0.17272708701856934, 0.13464453408923355, 0.06408981884348483],
        "RMSE": [0.175804499488537, 0.20108499547958225, 0.24464776416784223, 0.26411852019847465, 0.2629786389768592, 0.2655446018719027, 0.2549267248027883, 0.23197028170466916, 0.19178021961551225, 0.14166207173785217, 0.08643685047276128, 0.11366808562788877, 0.06683412796447546, 0.13716509576092867, 0.0589022584349034, 0.1223630178700788]
    },
    "1_year" : {
        "cutoff": [0.0, 0.02019340731203556, 0.05, 0.08336329460144043, 0.1, 0.2, 0.3, 0.3942202627658844, 0.5, 0.6, 0.7, 0.8, 0.85, 0.9, 0.95],
        "coverage_naive": [0.7452907452907452, 0.7417582417582418, 0.7130177514792899, 0.6967213114754098, 0.6843003412969283, 0.7184684684684685, 0.7402234636871509, 0.7275862068965517, 0.7047244094488189, 0.6533333333333333, 0.6313131313131313, 0.6538461538461539, 0.6692913385826772, 0.6019417475728155, 0.5777777777777777],
        "coverage_cv_plus": [0.8026208026208026, 0.8274725274725274, 0.8239644970414202, 0.8114754098360656, 0.8020477815699659, 0.8175675675675675, 0.8100558659217877, 0.8172413793103448, 0.8267716535433071, 0.8088888888888889, 0.8232323232323232, 0.9038461538461539, 0.84251968503937, 0.8252427184466019, 0.8],
        "coverage_jackknife_plus_ab": [0.7510237510237511, 0.743956043956044, 0.7366863905325444, 0.7081967213114754, 0.6945392491467577, 0.7117117117117117, 0.6927374301675978, 0.696551724137931, 0.6968503937007874, 0.6755555555555556, 0.6363636363636364, 0.6346153846153846, 0.6456692913385826, 0.7184466019417476, 0.6888888888888889],
        "interval_width_naive": [0.322261244058609, 0.40983694791793823, 0.48056086897850037, 0.4802219867706299, 0.46945762634277344, 0.5350031852722168, 0.5142185688018799, 0.3193846702575684, 0.2116791915893554, 0.15133106946945185, 0.09953787326812737, 0.06926748275756832, 0.06730165958404541, 0.06365835905075065, 0.041161084175109774],
        "interval_width_cv_plus": [0.4185412854836212, 0.5398344419704197, 0.6410543321871843, 0.6636718530707275, 0.6900948589100142, 0.6846545961404823, 0.6774929595878088, 0.5892208908485441, 0.4004148539921313, 0.3097164634916517, 0.20581690796547467, 0.15928808751396645, 0.13721544881974615, 0.12202947386983529, 0.08167739729748831],
        "interval_width_jackknife_plus_ab": [0.36390308438205504, 0.44925150174469797, 0.5222394097007471, 0.5368396887135725, 0.5508325172156908, 0.5615734695823149, 0.5558552061604769, 0.4378218054687386, 0.3351707858856022, 0.2610127360180157, 0.18176604478649605, 0.1578344907225396, 0.1364895012324654, 0.1573999745364928, 0.12151573378974767],
        "RMSE": [0.19000807083843427, 0.20442085028767032, 0.24937380888113236, 0.2676119033714288, 0.2690410380002359, 0.2804976867828817, 0.25365238729889406, 0.20668523910112765, 0.14944433596801432, 0.16961179892792344, 0.1475266953134457, 0.07721786069537674, 0.06289515547491291, 0.03954262644533217, 0.060215990889672104]
    },
    "2_years" : {
        "cutoff": [0.0, 0.021861283108592033, 0.05, 0.08751386404037476, 0.1, 0.2, 0.3, 0.4, 0.5, 0.5935032665729523, 0.6, 0.7, 0.8, 0.85, 0.9],